rms_cxx,rms_cpp
0.04682950654041907,0.01863155996755968
